,longitude,latitude,price_sqm,living_area_sqm,price,cluster
0,25.1113221030974,60.59799640000001,[4594],[127.5],[585735.0],0
1,25.1114360484518,60.59401750000001,"[5550, 4143]","[27.0, 55.0]","[149850.0, 227865.0]",1
2,25.1115756,60.59356555,[2953],[63.0],[186039.0],1
3,25.111578366580407,60.5966426,"[4703, 5610]","[50.0, 30.0]","[235150.0, 168300.0]",1
4,25.1116239464851,60.58824545,"[6543, 4482]","[25.0, 118.0]","[163575.0, 528876.0]",0
5,25.11182905,60.60224395,"[4112, 5203, 5610, 4940]","[48.3, 83.5, 83.5, 48.3]","[198609.59999999998, 434450.5, 468435.0, 238602.0]",9
6,25.112031001184,60.5960823,"[3583, 4347, 3531, 4513, 3344]","[109.5, 54.0, 69.5, 54.0, 109.5]","[392338.5, 234738.0, 245404.5, 243702.0, 366168.0]",2
7,25.112126857936307,60.59992275,[6044],[35.5],[214562.0],0
8,25.112199712874197,60.59364109999999,"[4268, 5507]","[64.0, 33.0]","[273152.0, 181731.0]",1
9,25.1122955873001,60.59317370000001,"[3835, 4384]","[65.0, 79.0]","[249275.0, 346336.0]",2
10,25.1123214921848,60.59469465,[4196],[95.0],[398620.0],0
11,25.112343199755202,60.59929449999999,"[4807, 4455, 4714]","[45.9, 86.6, 107.7]","[220641.3, 385803.0, 507697.8]",0
12,25.112367435576896,60.59706745,[5445],[26.5],[144292.5],8
13,25.112406383306304,60.60157735,[4368],[122.0],[532896.0],0
14,25.1124735393847,60.58793775,[3702],[46.5],[172143.0],1
15,25.112513007042303,60.59876225,"[3900, 5696]","[51.5, 51.5]","[200850.0, 293344.0]",1
16,25.112577359038607,60.59674565,"[4190, 3505]","[53.5, 53.5]","[224165.0, 187517.5]",1
17,25.112746545197894,60.59828175,"[4693, 4041]","[109.0, 49.0]","[511537.0, 198009.0]",3
18,25.112806638737002,60.5961374,"[3038, 4088, 3260, 3978, 3868, 2807, 5252, 3587, 2909, 5325, 4961]","[47.5, 45.5, 68.5, 45.5, 45.5, 68.5, 27.5, 45.0, 68.5, 27.5, 27.5]","[144305.0, 186004.0, 223310.0, 180999.0, 175994.0, 192279.5, 144430.0, 161415.0, 199266.5, 146437.5, 136427.5]",1
19,25.1128385996032,60.5927506,[4191],[105.0],[440055.0],0
20,25.112875844436196,60.59128275,[7012],[114.5],[802874.0],0
21,25.11294049116161,60.59775450000001,[3803],[95.5],[363186.5],3
22,25.1130726016532,60.59465845,"[5346, 3513, 4875, 4028]","[30.0, 123.0, 123.0, 55.0]","[160380.0, 432099.0, 599625.0, 221540.0]",3
23,25.113106416519603,60.5998573,"[5685, 4491]","[32.1, 37.4]","[182488.5, 167963.4]",0
24,25.1132469396935,60.5897208,[6776],[30.0],[203280.0],1
25,25.113273914341107,60.59682065,"[4202, 4009, 3662]","[51.0, 48.5, 51.0]","[214302.0, 194436.5, 186762.0]",1
26,25.113351727490894,60.599327,"[4096, 3830, 3509, 3523]","[85.0, 85.0, 71.0, 71.0]","[348160.0, 325550.0, 249139.0, 250133.0]",2
27,25.1134523215247,60.59337925,[4039],[125.0],[504875.0],0
28,25.113511428998198,60.59423205,"[3560, 3186]","[60.0, 47.0]","[213600.0, 149742.0]",1
29,25.113521033528706,60.59885679999999,"[3322, 4943]","[78.0, 25.0]","[259116.0, 123575.0]",1
30,25.1135462436403,60.5961557,"[4168, 2546, 2685, 2880, 2863, 3165]","[40.0, 72.0, 72.0, 99.0, 118.0, 46.0]","[166720.0, 183312.0, 193320.0, 285120.0, 337834.0, 145590.0]",1
31,25.1136723456429,60.5923591,[4358],[163.0],[710354.0],0
32,25.113730893493706,60.5983808,"[3893, 3174, 3943, 3743]","[40.0, 65.5, 40.0, 40.0]","[155720.0, 207897.0, 157720.0, 149720.0]",0
33,25.1138765058172,60.5978186,"[3688, 5062]","[88.0, 37.0]","[324544.0, 187294.0]",4
34,25.113882142625798,60.5932931,"[3489, 3512, 4014]","[76.0, 111.0, 58.0]","[265164.0, 389832.0, 232812.0]",2
35,25.1139027,60.59477679999999,"[4236, 4827, 2857, 4028]","[43.0, 38.0, 105.0, 26.0]","[182148.0, 183426.0, 299985.0, 104728.0]",1
36,25.113927790136398,60.5974071,"[6679, 3964, 4098, 5500, 4110, 5902]","[29.0, 56.0, 56.0, 56.0, 55.0, 29.0]","[193691.0, 221984.0, 229488.0, 308000.0, 226050.0, 171158.0]",1
37,25.1139895498606,60.59300345,[5168],[39.5],[204136.0],1
38,25.1140114,60.5940667,"[3870, 4280]","[55.0, 73.0]","[212850.0, 312440.0]",4
39,25.114196925396506,60.588724600000006,[4460],[150.0],[669000.0],0
40,25.114353692357998,60.5963089,[5451],[52.0],[283452.0],0
41,25.114359786401895,60.58957435,[4921],[112.5],[553612.5],0
42,25.114600380485506,60.5938917,[4381],[63.0],[276003.0],4
43,25.1146868555935,60.59777070000001,[5032],[54.0],[271728.0],4
44,25.1152131014601,60.58928455,[3931],[66.0],[259446.0],4
45,25.1154119237146,60.5928441,[3470],[55.0],[190850.0],1
46,25.115422558291396,60.5938657,[5143],[119.0],[612017.0],0
47,25.1155456366223,60.59247615,"[3143, 3870]","[55.0, 55.0]","[172865.0, 212850.0]",1
48,25.116162420552307,60.59099865,"[4143, 4163]","[51.0, 51.0]","[211293.0, 212313.0]",1
49,25.116170979893603,60.59384925,[7194],[27.2],[195676.8],1
50,25.116277690405997,60.59324515,[4081],[113.0],[461153.0],0
51,25.1168969640769,60.5920275,"[4870, 4905]","[65.0, 63.0]","[316550.0, 309015.0]",5
52,25.1169493213405,60.59386275,"[4003, 4153]","[86.0, 48.0]","[344258.0, 199344.0]",4
53,25.1169806665935,60.5913774,"[4550, 4543, 5528]","[86.0, 60.0, 65.0]","[391300.0, 272580.0, 359320.0]",0
54,25.117549601935806,60.59257255,[4651],[63.0],[293013.0],2
55,25.1175654588803,60.5916735,[4819],[63.0],[303597.0],5
56,25.117663848347807,60.59370550000001,[3766],[53.0],[199598.0],1
57,25.118103518748608,60.5919785,[4632],[117.5],[544260.0],0
58,25.11821589237,60.58939960000001,[3705],[75.0],[277875.0],4
59,25.118267570585605,60.59326575,"[5272, 5111]","[31.0, 31.0]","[163432.0, 158441.0]",1
60,25.118361617588896,60.58830945,"[3629, 4228]","[53.5, 29.5]","[194151.5, 124726.0]",1
61,25.118586494260608,60.59256695,"[4049, 3671, 3766, 4669]","[53.0, 53.0, 53.0, 38.0]","[214597.0, 194563.0, 199598.0, 177422.0]",1
62,25.118603409960297,60.58861579999999,[5268],[24.0],[126432.0],0
63,25.119375541,60.5872822,[5014],[51.1],[256215.4],4
64,25.119985924426604,60.5872967,"[4091, 4043]","[97.0, 109.0]","[396827.0, 440687.0]",10
65,25.1208219428372,60.58843525,[6443],[30.0],[193290.0],1
66,25.12120415,60.58764195,[4480],[96.5],[432320.0],0
67,25.121629560531698,60.58848829999999,[4054],[112.0],[454048.0],0
68,25.121645446385397,60.58910755,"[4416, 4107]","[55.0, 55.0]","[242880.0, 225885.0]",0
69,25.12194275,60.5876869,"[4595, 4015]","[36.5, 78.0]","[167717.5, 313170.0]",0
70,25.122666319632106,60.58929435,"[4370, 4919, 4288, 5810, 4423, 5071, 4333]","[75.0, 49.0, 55.0, 36.0, 36.0, 83.0, 48.0]","[327750.0, 241031.0, 235840.0, 209160.0, 159228.0, 420893.0, 207984.0]",4
71,25.122840611658006,60.58822475,"[3798, 3453]","[58.0, 58.0]","[220284.0, 200274.0]",1
72,25.123547226542396,60.58957855,"[4893, 4239, 4909, 5437, 4143]","[34.0, 51.0, 51.0, 34.0, 50.0]","[166362.0, 216189.0, 250359.0, 184858.0, 207150.0]",1
73,25.124033758353896,60.58894385,[4537],[72.0],[326664.0],0
74,25.124263003361307,60.5898085,"[5092, 4843]","[39.0, 50.0]","[198588.0, 242150.0]",1
75,25.124740056363503,60.58916925,"[4386, 3476, 3310, 3617, 4243, 3657]","[72.0, 60.0, 60.0, 57.0, 40.0, 72.0]","[315792.0, 208560.0, 198600.0, 206169.0, 169720.0, 263304.0]",1
76,25.1249742889428,60.59000705,"[4976, 4893, 6143]","[36.0, 100.0, 25.0]","[179136.0, 489300.0, 153575.0]",4
77,25.125029202088598,60.588325,[4443],[100.0],[444300.0],0
78,25.125420262315306,60.58940005,"[3472, 5726, 4443, 3518, 3976]","[70.0, 24.0, 35.0, 72.0, 60.0]","[243040.0, 137424.0, 155505.0, 253296.0, 238560.0]",1
79,25.1257230586062,60.5902991,"[4367, 4634, 4489]","[67.0, 56.0, 52.0]","[292589.0, 259504.0, 233428.0]",4
80,25.125879237126604,60.5889331,"[3984, 3866]","[67.0, 47.0]","[266928.0, 181702.0]",1
81,25.126003552874106,60.59098535,"[4816, 4220, 5105]","[52.0, 52.0, 52.0]","[250432.0, 219440.0, 265460.0]",1
82,25.1261202,60.58964029999999,"[4435, 4310, 3654]","[48.0, 60.0, 92.0]","[212880.0, 258600.0, 336168.0]",4
83,25.126491080845103,60.59166425,"[4720, 4609]","[52.0, 29.0]","[245440.0, 133661.0]",1
84,25.1267030409283,60.59202445,"[3870, 2716, 3873, 3826, 3319, 3851]","[55.0, 55.0, 63.0, 63.0, 51.0, 48.0]","[212850.0, 149380.0, 243999.0, 241038.0, 169269.0, 184848.0]",1
85,25.1267827059687,60.5886416,"[5909, 4521, 6215, 5626]","[29.0, 67.5, 29.0, 29.0]","[171361.0, 305167.5, 180235.0, 163154.0]",1
86,25.126812860226803,60.59247220000001,"[5736, 3643, 3669, 6995]","[27.0, 74.0, 57.0, 27.0]","[154872.0, 269582.0, 209133.0, 188865.0]",1
87,25.1268936477025,60.58985550000001,"[4634, 4983]","[53.0, 52.0]","[245602.0, 259116.0]",4
88,25.1271205,60.5902503,"[4228, 4490, 4548, 4013, 3610, 5004]","[94.0, 95.0, 74.0, 92.0, 60.0, 72.0]","[397432.0, 426550.0, 336552.0, 369196.0, 216600.0, 360288.0]",6
89,25.12726475733989,60.59345895,[4969],[46.0],[228574.0],1
90,25.127275848851298,60.59399545,"[3907, 4497]","[72.0, 72.0]","[281304.0, 323784.0]",5
91,25.1273460525803,60.59112070000001,"[7013, 6543, 5408, 4685]","[25.0, 25.0, 41.5, 41.5]","[175325.0, 163575.0, 224432.0, 194427.5]",1
92,25.127563041904803,60.59302835,"[3738, 4288]","[37.0, 56.0]","[138306.0, 240128.0]",1
93,25.127627736453,60.5920034,"[5293, 4643]","[60.0, 60.0]","[317580.0, 278580.0]",2
94,25.127844485512906,60.593397100000004,"[4507, 4452]","[55.0, 55.0]","[247885.0, 244860.0]",1
95,25.1280375057635,60.59233335,"[3252, 4773]","[87.0, 27.0]","[282924.0, 128871.0]",1
96,25.12839545,60.5942196,[5914],[35.0],[206990.0],1
97,25.128497272972197,60.5937603,[5943],[32.5],[193147.5],1
98,25.1287303400312,60.5941857,"[4092, 4870, 5438]","[49.5, 44.0, 30.5]","[202554.0, 214280.0, 165859.0]",1
99,25.1291615580372,60.59336945,"[4172, 5393]","[87.5, 40.0]","[365050.0, 215720.0]",2
100,25.1292803,60.59375245,[3954],[53.0],[209562.0],1
101,25.130657112734102,60.59232865,[3849],[68.0],[261732.0],4
102,25.1307001373409,60.58800720000001,"[4548, 5976, 5095, 4363]","[74.0, 30.0, 62.0, 41.0]","[336552.0, 179280.0, 315890.0, 178883.0]",4
103,25.1307391078689,60.58850940000001,"[2816, 3253, 4842]","[73.5, 73.0, 46.5]","[206976.0, 237469.0, 225153.0]",1
104,25.130759299999998,60.5890186,"[4465, 4643, 4143, 5143]","[29.5, 78.0, 58.0, 29.5]","[131717.5, 362154.0, 240294.0, 151718.5]",1
105,25.13078885,60.58364505,[5110],[30.0],[153300.0],0
106,25.1311069,60.5869534,[4500],[70.0],[315000.0],5
107,25.13111465,60.5915995,[4471],[68.5],[306263.5],0
108,25.1313194525486,60.58679155,"[3553, 3962]","[83.0, 83.0]","[294899.0, 328846.0]",5
109,25.1313685587846,60.58544095,"[5143, 4276, 4575, 4055]","[50.5, 113.0, 81.0, 113.0]","[259721.5, 483188.0, 370575.0, 458215.0]",7
110,25.131369897956606,60.586389000000004,"[3598, 4408, 4015]","[101.0, 58.5, 58.5]","[363398.0, 257868.0, 234877.5]",2
111,25.131483399999997,60.5810205,[5168],[122.0],[630496.0],0
112,25.1315064804396,60.5923765,[4777],[71.0],[339167.0],9
113,25.131557535954105,60.58500515,[3234],[55.0],[177870.0],11
114,25.1315879094221,60.59051435,"[3954, 3798]","[55.5, 60.8]","[219447.0, 230918.4]",1
115,25.131610018434802,60.5859566,"[4275, 4259, 4396, 4113]","[76.0, 47.5, 49.5, 49.5]","[324900.0, 202302.5, 217602.0, 203593.5]",1
116,25.13165143450989,60.5884448,"[4768, 4560]","[48.0, 48.0]","[228864.0, 218880.0]",1
117,25.1317890672784,60.58448320000001,"[4721, 5610]","[54.5, 152.0]","[257294.5, 852720.0]",0
118,25.1319207687574,60.59336385,"[5299, 5087, 6040, 6926, 4143]","[45.0, 45.0, 29.0, 23.0, 44.0]","[238455.0, 228915.0, 175160.0, 159298.0, 182292.0]",1
119,25.1319522,60.59367809999999,"[4997, 5314, 5935, 4802, 4232, 4980, 4748, 4471]","[82.0, 41.0, 26.5, 52.0, 52.0, 43.0, 43.0, 68.5]","[409754.0, 217874.0, 157277.5, 249704.0, 220064.0, 214140.0, 204164.0, 306263.5]",1
120,25.132051880247502,60.59547025,[5328],[27.0],[143856.0],8
121,25.132060414891,60.5838486,"[3014, 4168, 3343, 4498, 3419, 3242, 3474, 4614]","[108.5, 60.5, 60.5, 77.5, 76.0, 60.5, 60.5, 60.5]","[327019.0, 252164.0, 202251.5, 348595.0, 259844.0, 196141.0, 210177.0, 279147.0]",4
122,25.1320713905892,60.594052100000006,"[3865, 3831, 5201]","[79.0, 107.5, 52.0]","[305335.0, 411832.5, 270452.0]",0
123,25.132077360879503,60.5819108,"[4528, 4490]","[65.0, 101.0]","[294320.0, 453490.0]",0
124,25.132084909099998,60.57968760000001,[5768],[40.0],[230720.0],1
125,25.132099719447694,60.58888105,"[3982, 3723, 2714, 3654]","[56.0, 56.0, 56.0, 46.0]","[222992.0, 208488.0, 151984.0, 168084.0]",1
126,25.1321917737393,60.59237115,"[5243, 5084]","[50.0, 101.0]","[262150.0, 513484.0]",0
127,25.132215110223605,60.5815088,[5810],[30.0],[174300.0],0
128,25.132352872998098,60.58324585,"[4398, 4143, 4857]","[53.0, 55.0, 35.0]","[233094.0, 227865.0, 169995.0]",1
129,25.1323979880118,60.5866414,"[4065, 4490]","[64.0, 72.0]","[260160.0, 323280.0]",2
130,25.132437895774608,60.58840505,"[4940, 5643, 5643]","[39.5, 28.0, 26.0]","[195130.0, 158004.0, 146718.0]",1
131,25.132506170139298,60.5861228,"[6827, 6355]","[47.5, 73.0]","[324282.5, 463915.0]",7
132,25.132746064840397,60.5888206,"[4351, 4723]","[48.0, 50.0]","[208848.0, 236150.0]",1
133,25.132759273080698,60.58926485,"[5069, 3841, 3643]","[27.0, 53.0, 56.0]","[136863.0, 203573.0, 204008.0]",1
134,25.132837936028103,60.5923289,"[4707, 4619]","[68.3, 42.0]","[321488.1, 193998.0]",4
135,25.132858250255605,60.5819766,"[4000, 3250, 3738, 3231, 3658, 5605, 3643, 3735, 4390, 3125, 4773]","[52.5, 56.0, 111.0, 57.0, 48.5, 32.5, 56.0, 98.0, 97.5, 56.5, 77.0]","[210000.0, 182000.0, 414918.0, 184167.0, 177413.0, 182162.5, 204008.0, 366030.0, 428025.0, 176562.5, 367521.0]",4
136,25.132883600000003,60.59489839999999,"[3743, 4123]","[50.0, 50.0]","[187150.0, 206150.0]",1
137,25.13319085,60.59077070000001,"[4359, 4510, 4095]","[51.0, 30.0, 52.5]","[222309.0, 135300.0, 214987.5]",1
138,25.133274921619897,60.59031945,"[4404, 7197, 4230]","[55.5, 18.5, 74.3]","[244422.0, 133144.5, 314289.0]",1
139,25.133325610232802,60.58827635,"[4958, 7317]","[54.0, 23.0]","[267732.0, 168291.0]",1
140,25.133339455528002,60.58123185,"[4591, 5131, 5078, 5181, 5577, 5549, 4717]","[67.0, 83.5, 123.0, 80.0, 83.0, 66.5, 61.0]","[307597.0, 428438.5, 624594.0, 414480.0, 462891.0, 369008.5, 287737.0]",0
141,25.133431700299106,60.59583670000001,"[3213, 4259]","[86.0, 47.5]","[276318.0, 202302.5]",1
142,25.1335808,60.59237725,"[4937, 5169]","[63.0, 39.0]","[311031.0, 201591.0]",4
143,25.133704695033803,60.5892468,"[5307, 6322, 3794, 5981, 7092, 7248, 8090, 4197, 8486]","[36.5, 19.5, 86.0, 18.5, 19.5, 19.0, 19.0, 37.0, 18.5]","[193705.5, 123279.0, 326284.0, 110648.5, 138294.0, 137712.0, 153710.0, 155289.0, 156991.0]",1
144,25.134048332204898,60.5932922,[5584],[34.0],[189856.0],1
145,25.134063205974396,60.59196949999999,"[5310, 5976]","[36.0, 36.0]","[191160.0, 215136.0]",1
146,25.1341135726254,60.587037,"[5581, 5801]","[80.0, 73.0]","[446480.0, 423473.0]",0
147,25.1341351,60.58832195,[5810],[42.0],[244020.0],1
148,25.134166239446607,60.5903213,"[5129, 4618, 4893]","[74.0, 40.0, 40.0]","[379546.0, 184720.0, 195720.0]",4
149,25.134231593944698,60.59229345,"[5441, 3859]","[23.5, 54.5]","[127863.5, 210315.5]",1
150,25.1344140502763,60.5887973,"[4553, 6087]","[78.0, 36.0]","[355134.0, 219132.0]",2
151,25.134528469517107,60.582154,"[3629, 3930, 3331, 3241, 4184, 3159, 2832, 2881, 3787, 3907]","[73.0, 61.0, 95.5, 61.0, 73.0, 61.0, 61.0, 61.0, 73.0, 95.5]","[264917.0, 239730.0, 318110.5, 197701.0, 305432.0, 192699.0, 172752.0, 175741.0, 276451.0, 373118.5]",4
152,25.1346095153997,60.59125575,"[5093, 4946, 4575]","[40.0, 61.0, 37.0]","[203720.0, 301706.0, 169275.0]",1
153,25.134725442443102,60.5936071,[6096],[36.1],[220065.6],1
154,25.134874292552706,60.59396595,[5025],[45.9],[230647.5],1
155,25.134884318075198,60.5961931,"[4454, 3758]","[45.0, 52.0]","[200430.0, 195416.0]",1
156,25.1348857305753,60.59307710000001,[5695],[29.0],[165155.0],1
157,25.1348968412883,60.5979355,[4395],[119.0],[523005.0],0
158,25.1351547182082,60.5816165,"[5039, 4094, 4110, 3979, 4061, 3836, 2975, 3941]","[38.5, 61.0, 61.0, 73.0, 73.0, 50.5, 95.5, 95.5]","[194001.5, 249734.0, 250710.0, 290467.0, 296453.0, 193718.0, 284112.5, 376365.5]",4
159,25.135215846202197,60.5869507,"[6191, 4906, 5526, 5675, 6297, 6262, 6043, 6216]","[52.5, 59.0, 70.5, 101.5, 61.5, 59.0, 75.5, 61.5]","[325027.5, 289454.0, 389583.0, 576012.5, 387265.5, 369458.0, 456246.5, 382284.0]",7
160,25.1353742,60.58930285,"[4881, 3897, 4143]","[61.0, 61.0, 61.0]","[297741.0, 237717.0, 252723.0]",4
161,25.135378453885302,60.5808656,"[3489, 3903, 3612, 3501, 4231]","[89.5, 89.5, 89.5, 89.5, 73.5]","[312265.5, 349318.5, 323274.0, 313339.5, 310978.5]",5
162,25.1353924397138,60.59130749999999,"[5285, 4696, 5356]","[69.2, 51.5, 33.8]","[365722.0, 241844.0, 181032.8]",4
163,25.1354158044948,60.5932255,[4183],[62.5],[261437.5],4
164,25.1354643357829,60.59373295,"[5254, 5369, 4709, 4989]","[36.0, 53.0, 53.0, 39.0]","[189144.0, 284557.0, 249577.0, 194571.0]",1
165,25.135569384619398,60.5901519,[4783],[86.0],[411338.0],10
166,25.1355776957692,60.59269565,[3905],[115.5],[451027.5],0
167,25.135641373342,60.5963094,[3822],[78.0],[298116.0],2
168,25.1358877,60.591702000000005,[5333],[69.3],[369576.89999999997],6
169,25.135914047712895,60.58052335,"[4372, 5015]","[54.5, 54.5]","[238274.0, 273317.5]",4
170,25.135939606332503,60.5915512,[5000],[70.0],[350000.0],6
171,25.1359846182582,60.58889305,[4160],[28.7],[119392.0],0
172,25.1359918499464,60.5796431,"[4768, 5586, 5143]","[88.0, 88.0, 60.0]","[419584.0, 491568.0, 308580.0]",0
173,25.136006100000003,60.5855159,"[5917, 6105, 4278, 6164, 5888, 4973, 6607, 6315, 4898, 5788, 5751, 5888, 6451]","[53.0, 53.0, 70.5, 47.0, 47.0, 53.0, 76.5, 93.0, 53.0, 46.5, 39.0, 53.0, 39.0]","[313601.0, 323565.0, 301599.0, 289708.0, 276736.0, 263569.0, 505435.5, 587295.0, 259594.0, 269142.0, 224289.0, 312064.0, 251589.0]",5
174,25.136013955268307,60.58682825,"[5473, 5533, 5838, 5234, 5771]","[94.0, 59.0, 59.0, 92.0, 113.0]","[514462.0, 326447.0, 344442.0, 481528.0, 652123.0]",0
175,25.1360985612746,60.59109155,"[5411, 5299, 6045]","[31.0, 45.0, 45.0]","[167741.0, 238455.0, 272025.0]",1
176,25.136101865887905,60.58014785,"[3615, 3682, 3716]","[44.5, 70.5, 55.0]","[160867.5, 259581.0, 204380.0]",1
177,25.1361227733949,60.58923435,"[4127, 4176]","[63.2, 30.0]","[260826.40000000002, 125280.0]",1
178,25.136169272963706,60.5964632,[3427],[155.0],[531185.0],0
179,25.136314499999997,60.58269250000001,"[6150, 7372, 6210, 6109]","[72.5, 52.5, 104.0, 72.5]","[445875.0, 387030.0, 645840.0, 442902.5]",0
180,25.1363994,60.59237140000001,[7694],[34.5],[265443.0],4
181,25.136448092525896,60.59206245,"[3431, 3281, 3865]","[88.0, 58.0, 88.0]","[301928.0, 190298.0, 340120.0]",4
182,25.136649825594397,60.58132360000001,"[5430, 6851, 4655, 4951, 5670, 4892, 6052]","[83.5, 96.0, 86.0, 83.5, 45.5, 83.5, 66.0]","[453405.0, 657696.0, 400330.0, 413408.5, 257985.0, 408482.0, 399432.0]",0
183,25.136666009677896,60.59137545,"[4412, 4813, 5028]","[74.4, 41.8, 41.8]","[328252.80000000005, 201183.4, 210170.4]",1
184,25.1367475,60.579815,[4975],[53.5],[266162.5],4
185,25.1368360376735,60.59282695,"[8849, 9461]","[30.5, 30.5]","[269894.5, 288560.5]",4
186,25.1369123841445,60.59390215,"[4629, 4694]","[55.5, 49.0]","[256909.5, 230006.0]",1
187,25.137094292946703,60.58215195,"[4387, 4345, 4679, 4570, 4943]","[82.0, 91.5, 62.5, 82.0, 75.0]","[359734.0, 397567.5, 292437.5, 374740.0, 370725.0]",0
188,25.137169500000002,60.5863646,[6758],[54.5],[368311.0],6
189,25.1371943368354,60.58403065,"[3981, 2991, 4490, 4175, 3560, 3964]","[68.0, 105.0, 47.5, 47.5, 57.5, 47.5]","[270708.0, 314055.0, 213275.0, 198312.5, 204700.0, 188290.0]",1
190,25.137210334223298,60.5796767,[2810],[120.0],[337200.0],9
191,25.137388089767605,60.58141095,"[5125, 5706, 5515, 5550, 5076, 5102]","[56.0, 96.0, 56.5, 56.5, 75.0, 96.5]","[287000.0, 547776.0, 311597.5, 313575.0, 380700.0, 492343.0]",7
192,25.137395110975906,60.58099825,"[3627, 3226, 3660, 3878]","[64.0, 60.0, 73.5, 58.5]","[232128.0, 193560.0, 269010.0, 226863.0]",1
193,25.1375438250911,60.58299375,"[5042, 5822, 4446, 4946, 4428, 4284]","[54.5, 54.5, 66.0, 71.0, 89.5, 88.5]","[274789.0, 317299.0, 293436.0, 351166.0, 396306.0, 379134.0]",9
194,25.13758275,60.59129615,[6143],[28.0],[172004.0],1
195,25.1376731237805,60.5825456,"[4872, 4680]","[64.5, 60.5]","[314244.0, 283140.0]",2
196,25.1376913448217,60.59284165,"[3607, 4143]","[56.0, 56.0]","[201992.0, 232008.0]",1
197,25.137828887891196,60.58439675,"[5113, 3143, 3288, 3540, 5057]","[30.0, 58.0, 58.0, 58.0, 58.0]","[153390.0, 182294.0, 190704.0, 205320.0, 293306.0]",1
198,25.1378399829111,60.59389545,"[4839, 4319, 5129, 4779]","[108.5, 51.0, 71.5, 71.5]","[525031.5, 220269.0, 366723.5, 341698.5]",3
199,25.13784145,60.580167200000005,"[4606, 4699, 3965, 5143, 4577]","[41.0, 40.5, 64.5, 37.5, 49.5]","[188846.0, 190309.5, 255742.5, 192862.5, 226561.5]",1
200,25.1379488929639,60.59333215,[4704],[93.5],[439824.0],0
201,25.138017814419108,60.58748660000001,"[3464, 5874, 4097]","[84.0, 78.0, 54.5]","[290976.0, 458172.0, 223286.5]",5
202,25.138098695721308,60.5797524,[4486],[51.0],[228786.0],1
203,25.1381919666887,60.59221915,"[4398, 5241, 6994, 4801, 5436, 4476]","[60.0, 41.0, 26.0, 79.0, 58.0, 90.0]","[263880.0, 214881.0, 181844.0, 379279.0, 315288.0, 402840.0]",2
204,25.138203,60.58352705,"[5710, 5561]","[67.0, 67.0]","[382570.0, 372587.0]",0
205,25.1382465609898,60.58670345,[6897],[32.5],[224152.5],1
206,25.1384185020679,60.5933178,"[4018, 3376, 6250, 4771]","[48.0, 43.0, 28.0, 43.0]","[192864.0, 145168.0, 175000.0, 205153.0]",11
207,25.138491345011396,60.58477285,"[3195, 2764, 2594, 3188, 3566, 2994, 3143, 3651, 3304, 3450, 4875, 3158]","[58.0, 58.0, 113.0, 78.0, 78.0, 57.0, 113.0, 61.0, 68.5, 68.5, 48.5, 68.5]","[185310.0, 160312.0, 293122.0, 248664.0, 278148.0, 170658.0, 355159.0, 222711.0, 226324.0, 236325.0, 236437.5, 216323.0]",1
208,25.138522344256,60.59292515,[5572],[28.0],[156016.0],0
209,25.138614396005696,60.58191215,"[4913, 4211, 5127]","[74.0, 74.0, 63.5]","[363562.0, 311614.0, 325564.5]",9
210,25.1386926206812,60.59384495,"[3595, 4106]","[81.0, 81.0]","[291195.0, 332586.0]",5
211,25.13872226964689,60.59090105,"[4360, 4910]","[80.5, 81.5]","[350980.0, 400165.0]",0
212,25.138822647494198,60.59666555,[5273],[38.5],[203010.5],1
213,25.1388450768223,60.5836363,"[3302, 3523, 3089, 3062, 5019, 3021, 4614, 3387]","[56.5, 50.0, 73.5, 56.5, 34.0, 73.5, 34.0, 67.5]","[186563.0, 176150.0, 227041.5, 173003.0, 170646.0, 222043.5, 156876.0, 228622.5]",1
214,25.1388762892413,60.58156455,"[4313, 3779, 3429, 5272, 3409, 3339]","[53.0, 70.0, 70.0, 31.0, 71.5, 71.5]","[228589.0, 264530.0, 240030.0, 163432.0, 243743.5, 238738.5]",1
215,25.138977349232697,60.58077370000001,"[2910, 4143, 3473]","[64.5, 84.0, 97.0]","[187695.0, 348012.0, 336881.0]",2
216,25.1389812849379,60.5853194,"[3935, 4465, 3667, 4185, 3803, 4063, 3902]","[72.0, 29.5, 51.5, 72.0, 51.5, 44.0, 58.0]","[283320.0, 131717.5, 188850.5, 301320.0, 195854.5, 178772.0, 226316.0]",0
217,25.138988825040197,60.58724095,"[5615, 5127, 5824, 6755, 5794]","[81.5, 122.0, 81.5, 33.5, 106.0]","[457622.5, 625494.0, 474656.0, 226292.5, 614164.0]",0
218,25.139144199999997,60.58595450000001,"[4332, 4766, 4796, 4453, 4316, 4569]","[92.5, 64.5, 60.5, 64.5, 104.0, 64.5]","[400710.0, 307407.0, 290158.0, 287218.5, 448864.0, 294700.5]",9
219,25.139171100953302,60.58028929999999,"[3981, 4244, 3949, 4699, 2956, 3810]","[80.0, 64.5, 64.5, 49.5, 80.0, 64.5]","[318480.0, 273738.0, 254710.5, 232600.5, 236480.0, 245745.0]",4
220,25.1392612992098,60.58194739999999,"[5177, 4725]","[59.5, 100.5]","[308031.5, 474862.5]",7
221,25.13948889617461,60.58630329999999,"[4947, 3967, 4389, 5404]","[56.0, 99.5, 99.5, 99.5]","[277032.0, 394716.5, 436705.5, 537698.0]",10
222,25.139508430394002,60.5968132,"[6066, 5844, 3785, 3901, 6423, 5642]","[26.0, 26.1, 51.7, 51.7, 26.1, 34.7]","[157716.0, 152528.4, 195684.5, 201681.7, 167640.30000000002, 195777.40000000002]",11
223,25.1395219209797,60.59355425,[4451],[65.0],[289315.0],2
224,25.1395304,60.58149329999999,"[4857, 4684, 5412, 5197, 4928, 4964, 5072, 5451, 4706]","[59.5, 115.5, 52.0, 52.0, 88.0, 61.5, 56.5, 52.0, 32.0]","[288991.5, 541002.0, 281424.0, 270244.0, 433664.0, 305286.0, 286568.0, 283452.0, 150592.0]",5
225,25.139543761711696,60.5796836,"[3931, 5368, 3487, 5276, 3837, 5383, 4044]","[68.5, 35.5, 61.0, 37.5, 60.5, 37.5, 75.5]","[269273.5, 190564.0, 212707.0, 197850.0, 232138.5, 201862.5, 305322.0]",1
226,25.139558300000004,60.587356400000004,"[4113, 3933, 4627, 5071]","[83.5, 65.0, 123.5, 55.5]","[343435.5, 255645.0, 571434.5, 281440.5]",3
227,25.139702187823897,60.5812176,"[5093, 5407, 5271]","[80.0, 136.5, 94.0]","[407440.0, 738055.5, 495474.0]",0
228,25.1398224,60.59252515,[4997],[41.0],[204877.0],1
229,25.1398257,60.5917701,"[5077, 4608, 7583]","[60.5, 43.0, 25.0]","[307158.5, 198144.0, 189575.0]",1
230,25.139939502417107,60.59408065,[5061],[61.0],[308721.0],5
231,25.1399771750168,60.5805934,"[4660, 3396, 4435, 4286, 4057, 5307, 4356, 3683, 3994, 4572]","[43.5, 43.5, 56.5, 87.5, 87.5, 30.5, 30.5, 43.5, 74.0, 87.5]","[202710.0, 147726.0, 250577.5, 375025.0, 354987.5, 161863.5, 132858.0, 160210.5, 295556.0, 400050.0]",0
232,25.140184190293105,60.59318825,"[4788, 5342, 3503, 3722, 5408, 3283, 4635]","[70.5, 50.0, 50.0, 57.0, 49.0, 43.0, 57.5]","[337554.0, 267100.0, 175150.0, 212154.0, 264992.0, 141169.0, 266512.5]",1
233,25.140335119654498,60.57996205,"[4643, 6799, 5195, 4802]","[128.0, 128.0, 97.0, 64.5]","[594304.0, 870272.0, 503915.0, 309729.0]",0
234,25.1404834359222,60.58631529999999,"[4709, 4992, 4434, 4725, 4591, 4669, 4990]","[110.5, 53.0, 94.5, 88.5, 110.5, 107.5, 59.0]","[520344.5, 264576.0, 419013.0, 418162.5, 507305.5, 501917.5, 294410.0]",10
235,25.1405044587758,60.58143125,"[3938, 3961, 4514, 3988]","[80.5, 63.5, 52.5, 80.5]","[317009.0, 251523.5, 236985.0, 321034.0]",2
236,25.140521850000006,60.59650375,"[4819, 4640]","[48.1, 71.5]","[231793.9, 331760.0]",2
237,25.1405359596062,60.59245385,[4781],[47.0],[224707.0],1
238,25.140810258358,60.59404215,"[4681, 4181, 4204]","[39.0, 53.0, 82.0]","[182559.0, 221593.0, 344728.0]",4
239,25.140815102643103,60.59469670000001,[4122],[150.0],[618300.0],0
240,25.1409039781509,60.59311155,[4769],[45.5],[216989.5],1
241,25.1409874395441,60.5918963,"[5781, 5848, 4623, 5529, 5855, 5507]","[117.5, 44.0, 50.0, 44.0, 29.5, 44.0]","[679267.5, 257312.0, 231150.0, 243276.0, 172722.5, 242308.0]",0
242,25.14121825,60.5948625,"[3105, 3617, 3533, 3332, 5150, 4998, 5688]","[79.5, 57.0, 79.5, 79.5, 27.5, 27.5, 27.5]","[246847.5, 206169.0, 280873.5, 264894.0, 141625.0, 137445.0, 156420.0]",1
243,25.141437547357803,60.5931563,"[4026, 3346, 3491, 3097, 4650, 4143]","[38.5, 69.0, 69.0, 87.0, 69.0, 87.0]","[155001.0, 230874.0, 240879.0, 269439.0, 320850.0, 360441.0]",4
244,25.14153825,60.59413025,[3855],[52.0],[200460.0],1
245,25.1415659510475,60.59513570000001,"[6143, 3504, 4576]","[30.0, 66.5, 30.0]","[184290.0, 233016.0, 137280.0]",1
246,25.1416607111364,60.58578395,[7162],[53.0],[379586.0],0
247,25.1417912877991,60.592174,"[3413, 3603, 3583, 3132, 4073, 4143]","[50.0, 50.0, 50.0, 88.0, 50.0, 50.0]","[170650.0, 180150.0, 179150.0, 275616.0, 203650.0, 207150.0]",1
248,25.1419690298602,60.58482795,"[5025, 4997, 4204, 5058, 5084, 5285]","[84.5, 102.5, 82.0, 82.0, 85.0, 84.5]","[424612.5, 512192.5, 344728.0, 414756.0, 432140.0, 446582.5]",0
249,25.142009970786,60.59463255,"[5674, 6796, 3971]","[24.5, 24.5, 99.0]","[139013.0, 166502.0, 393129.0]",1
250,25.1420222593192,60.58447365,[5482],[112.0],[613984.0],0
251,25.1421005114994,60.5955333,[3329],[43.0],[143147.0],8
252,25.1421669,60.5801416,"[6416, 6688, 9092, 9356]","[108.0, 110.0, 49.5, 70.5]","[692928.0, 735680.0, 450054.0, 659598.0]",0
253,25.1422710697517,60.59387935,"[4610, 4691, 3704]","[37.5, 73.0, 142.5]","[172875.0, 342443.0, 527820.0]",0
254,25.142363146977,60.5932369,"[3149, 4399, 5681, 6379]","[39.0, 39.0, 39.0, 27.5]","[122811.0, 171561.0, 221559.0, 175422.5]",1
255,25.142370229720804,60.59248205,"[3883, 3559, 4069, 3998]","[86.5, 86.5, 68.0, 86.5]","[335879.5, 307853.5, 276692.0, 345827.0]",0
256,25.142393186603197,60.59165685,"[4636, 5684, 5738, 3292, 3844, 5681]","[67.0, 37.0, 37.0, 67.0, 67.0, 26.0]","[310612.0, 210308.0, 212306.0, 220564.0, 257548.0, 147706.0]",1
257,25.142483729176,60.58032705,"[6675, 8032, 7810]","[79.0, 58.5, 64.5]","[527325.0, 469872.0, 503745.0]",12
258,25.1425212417274,60.5948517,"[6431, 4716]","[26.0, 75.0]","[167206.0, 353700.0]",4
259,25.142529604118,60.5941714,[4507],[66.0],[297462.0],2
260,25.1426402619002,60.5837324,"[6534, 6562]","[46.0, 93.0]","[300564.0, 610266.0]",0
261,25.142733645861696,60.59290585,"[3652, 4000]","[62.0, 63.0]","[226424.0, 252000.0]",1
262,25.1427748314044,60.5919787,"[4084, 4143]","[42.5, 85.0]","[173570.0, 352155.0]",4
263,25.1428413433402,60.59513975,"[4120, 5419]","[44.0, 38.0]","[181280.0, 205922.0]",1
264,25.1429169,60.5844225,"[5870, 5143, 7549]","[66.0, 80.0, 103.5]","[387420.0, 411440.0, 781321.5]",0
265,25.1429350197475,60.58012195,"[6439, 7102, 7256, 7050]","[79.5, 73.5, 79.5, 64.5]","[511900.5, 521997.0, 576852.0, 454725.0]",12
266,25.1432039878195,60.59161635,[6328],[135.0],[854280.0],0
267,25.1433284930409,60.59377025,[3972],[73.0],[289956.0],2
268,25.143385187308894,60.59511995,[4000],[105.0],[420000.0],0
269,25.143645686093997,60.5797292,"[7536, 4932, 8940]","[112.0, 190.0, 147.5]","[844032.0, 937080.0, 1318650.0]",0
270,25.1438571031666,60.59402070000001,"[5643, 3609]","[28.0, 58.0]","[158004.0, 209322.0]",1
271,25.143990599432,60.59110495,[4062],[62.0],[251844.0],4
272,25.14408,60.58088829999999,"[5650, 6866, 7081, 7987]","[114.5, 83.0, 81.0, 45.0]","[646925.0, 569878.0, 573561.0, 359415.0]",0
273,25.144145174298806,60.59577679999999,[5256],[71.0],[373176.0],0
274,25.144233459790893,60.59430355,"[3383, 5601, 2765]","[50.0, 24.0, 74.0]","[169150.0, 134424.0, 204610.0]",1
275,25.1445013019903,60.58053745,"[7511, 8324, 7569]","[81.5, 63.5, 98.5]","[612146.5, 528574.0, 745546.5]",0
276,25.144586133289103,60.5904958,"[5181, 5810, 6095]","[70.5, 54.0, 31.5]","[365260.5, 313740.0, 191992.5]",2
277,25.144589352924505,60.59183829999999,"[3881, 4393]","[78.1, 78.1]","[303106.1, 343093.3]",5
278,25.144932950050602,60.5913832,[4528],[52.0],[235456.0],1
279,25.1452050043909,60.59242145,[4068],[67.0],[272556.0],2
280,25.1452643535763,60.5953871,"[4355, 4173]","[82.5, 82.5]","[359287.5, 344272.5]",6
281,25.145367922108306,60.591547,"[4579, 4587]","[55.0, 81.0]","[251845.0, 371547.0]",5
282,25.145484479400807,60.59281170000001,"[5152, 6066, 6143, 6374]","[60.0, 26.0, 26.0, 26.0]","[309120.0, 157716.0, 159718.0, 165724.0]",1
283,25.1455227929004,60.591964000000004,[4375],[64.5],[282187.5],2
284,25.1455439888506,60.5939188,[4929],[65.5],[322849.5],5
285,25.1457344613734,60.59464815,"[6807, 8252]","[137.0, 50.5]","[932559.0, 416726.0]",0
286,25.1457923277454,60.59512255,"[5462, 4480, 4354]","[34.5, 87.5, 71.0]","[188439.0, 392000.0, 309134.0]",2
287,25.146150205441106,60.59304405,[3038],[95.0],[288610.0],2
288,25.146170582728,60.5906568,[6713],[36.0],[241668.0],1
289,25.1463409690947,60.59261815,"[5681, 4043, 6181, 6008, 4090, 6220]","[26.0, 50.0, 26.0, 26.0, 47.0, 26.0]","[147706.0, 202150.0, 160706.0, 156208.0, 192230.0, 161720.0]",1
290,25.1463717,60.5933835,[3587],[45.0],[161415.0],1
291,25.1464117692478,60.59215585,"[4301, 5038, 6058, 5248, 5017, 2904, 6448]","[47.5, 47.5, 29.5, 47.5, 47.5, 58.5, 47.5]","[204297.5, 239305.0, 178711.0, 249280.0, 238307.5, 169884.0, 306280.0]",1
292,25.146444388296104,60.5916241,"[3204, 3565, 6303]","[73.5, 73.5, 25.0]","[235494.0, 262027.5, 157575.0]",1
293,25.146484259868803,60.5913083,"[4313, 5202]","[88.0, 51.0]","[379544.0, 265302.0]",5
294,25.1471013959949,60.59381379999999,"[5243, 7343, 6143, 6750, 7612, 5788, 7760]","[90.5, 106.0, 101.5, 58.5, 40.5, 105.5, 40.5]","[474491.5, 778358.0, 623514.5, 394875.0, 308286.0, 610634.0, 314280.0]",12
